[
  {
    "question": "What subjects does Dr. Noor teach?",
    "answer": "Dr. Noor teaches O/A Level Biology and Chemistry."
  },
  {
    "question": "Where can I watch lectures?",
    "answer": "You can watch free lectures on our YouTube channel: DNA Dr. Noor Academy."
  },
  {
    "question": "How do I enroll?",
    "answer": "Fill out the registration form on the website or contact us at +92 343 2532596."
  },
  {
    "question": "What makes Dr. Noor different?",
    "answer": "He has over 15 years of experience and has taught at 20+ institutions with 20,000+ successful students."
  }
]
